text,isDeleted,favorites,retweets,day,time,contains_word,wall,fake_news,media,democrat,great,proud_boys,election_period
republicans and democrats have both created our economic problems,f,49,255,8/2/2011,18:07,1,0,0,0,1,0,0,Pre
i was thrilled to be back in the great city of charlotte north carolina with thousands of hardworking american patriots who love our country cherish our values respect our laws and always put america first thank you for a wonderful evening kag2020 ,f,73748,17404,3/3/2020,1:34,1,0,0,0,0,1,0,Post
the unsolicited mail in ballot scam is a major threat to our democracy  the democrats know it almost all recent elections using this system even though much smaller   with far fewer ballots to count have ended up being a disaster large numbers of missing ballots  fraud,f,80527,23502,9/12/2020,20:10,1,0,0,0,1,0,0,Post
getting a little exercise this morning ,f,285863,30209,2/1/2020,16:14,0,0,0,0,0,0,0,Post
thank you elise ,f,48510,11608,1/9/2020,12:24,0,0,0,0,0,0,0,Post
as per your request joe  ,f,253761,79855,10/23/2020,4:09,0,0,0,0,0,0,0,Post
the threshold identification of ballots is turning out to be even bigger than originally anticipated a very large number of ballots are impacted stay tuned,f,493076,100609,11/9/2020,19:36,0,0,0,0,0,0,0,Post
â€œiâ€™m running as a proud democrat for the senateâ€ sleepy joe biden today itâ€™s only going to get worse it is not sustainable for our county  china will own us,f,142084,32953,10/12/2020,22:22,1,0,0,0,1,0,0,Post
huge win today for the united states and for peace in the world sudan has agreed to a peace and normalization agreement with israel with the united arab emirates and bahrain thatâ€™s three arabâ countries to have done so in only a matter of weeks more will follow ,f,215994,51830,10/23/2020,16:55,0,0,0,0,0,0,0,Post
thank you megyn ,f,178163,24864,10/23/2020,15:04,0,0,0,0,0,0,0,Post
11 days maga ,f,197604,49800,10/23/2020,5:26,0,0,0,0,0,0,0,Post
nevada is turning out to be a cesspool of fake votes    are finding things that when released will be absolutely shocking,f,363489,78378,11/9/2020,19:54,0,0,0,0,0,0,0,Post
wisconsin is looking very good needs a little time statutorily will happen soon  ,f,347994,61006,11/9/2020,20:02,0,0,0,0,0,0,0,Post
nobody is showing up for obamaâ€™s hate laced speeches 47 people no energy but still better than joe,f,195132,33268,10/24/2020,20:11,0,0,0,0,0,0,0,Post
pennsylvania prevented us from watching much of the ballot count unthinkable and illegal in this country,f,479292,81458,11/9/2020,20:17,0,0,0,0,0,0,0,Post
just landed in ohio see you in a little while,f,139153,14000,10/24/2020,20:13,0,0,0,0,0,0,0,Post
georgia will be a big presidential win as it was the night of the election,f,637719,94570,11/9/2020,20:21,0,0,0,0,0,0,0,Post
thank you ohio vote ,f,57305,9852,10/24/2020,22:44,0,0,0,0,0,0,0,Post
how can you certify an election when the numbers being certified are verifiably wrong you will see the real numbers tonight during my speech but especially on january 6th  republicans have pluses  minuses but one thing is sure they never forget,f,211508,56945,1/4/2021,15:07,0,0,0,0,0,0,0,Post
great to be in ohio leaving now for wisconsin see you in a little while ,f,133279,19715,10/24/2020,22:50,1,0,0,0,0,1,0,Post
â€œweâ€™ve seen in the last few months unprecedented amounts of voter fraudâ€   true,f,249177,53966,1/4/2021,15:13,0,0,0,0,0,0,0,Post
â€œwe are not acting to thwart the democratic process we are acting to protect itâ€ ,f,272308,60779,1/4/2021,15:23,1,0,0,0,1,0,0,Post
the â€œsurrender caucusâ€ within the republican party will go down in infamy as weak and ineffective â€œguardiansâ€ of our nation who were willing to accept the certification of fraudulent presidential numbers,f,235516,60242,1/4/2021,15:45,0,0,0,0,0,0,0,Post
very good reviews on last nightâ€™s  town hall in miami thank you,f,148717,23968,10/16/2020,11:29,0,0,0,0,0,0,0,Post
polls numbers are looking very strong big crowds great enthusiasm massive red wave coming,f,280261,52623,10/16/2020,11:24,1,0,0,0,0,1,0,Post
biden lied pennsylvania ,f,69406,20762,10/16/2020,11:17,0,0,0,0,0,0,0,Post
thank you ,f,41882,7722,10/16/2020,11:10,0,0,0,0,0,0,0,Post
thank you libertarians we are getting it all done and fast vote trump ,f,59384,13788,10/16/2020,11:00,0,0,0,0,0,0,0,Post
the process has long begun happening fast ,f,31396,8137,10/16/2020,10:57,0,0,0,0,0,0,0,Post
heading to georgia now see you soon,f,313859,38244,1/4/2021,23:36,0,0,0,0,0,0,0,Post
this is good news it means i wonâ cc   ,f,258866,55635,11/10/2020,0:19,0,0,0,0,0,0,0,Post
on my way see you soon ,f,185691,33097,1/5/2021,1:45,0,0,0,0,0,0,0,Post
and i won the election voter fraud all over the country ,f,246973,54880,11/18/2020,13:31,0,0,0,0,0,0,0,Post
dominion is running our election rigged ,f,163578,40680,11/16/2020,13:26,0,0,0,0,0,0,0,Post
the worst polling ever and then theyâ€™ll be back in four years to do it again this is much more then voter and caign finance suppression,f,156817,28082,11/10/2020,0:38,0,0,0,0,0,0,0,Post
thank you ohio vote ,f,74088,12731,10/25/2020,0:37,0,0,0,0,0,0,0,Post
what a terrible thing for biden to say rigged election ,f,59144,14564,10/25/2020,0:36,0,0,0,0,0,0,0,Post
i strongly stand with kelly  david they are both great and must win ,f,122871,21461,11/16/2020,13:33,1,0,0,0,0,1,0,Post
landed in wisconsin big crowd on my way,f,168796,18240,10/25/2020,0:40,0,0,0,0,0,0,0,Post
as i have long said  and the others would only announce a vaccine after the election because they didnâ€™t have the courage to do it before likewise the  should have announced it earlier not for political purposes but for saving lives,f,292245,59870,11/10/2020,0:40,0,0,0,0,0,0,0,Post
abcwapo had me down 17 points in wisconsin the day before the election and i won in iowa the polls had us 4 points down and i won by 82 fox news and quinnipiac were wrong on everything,f,152654,27735,11/10/2020,0:38,0,0,0,0,0,0,0,Post
  abcwapo nbcwsj were so inaccurate with their polls on me that it really is tering with an election they were so far off in their polling and in their attempt to suppress  that they should be called out for election interference,f,254530,53987,11/10/2020,0:38,0,0,0,0,0,0,0,Post
pleased to announce that    have just joined our great stopthesteal group of senators they will fight the ridiculous electoral college certification of biden how do you certify numbers that have now proven to be wrong and in many cases fraudulent,f,177332,42347,1/5/2021,14:50,1,0,0,0,0,1,0,Post
if joe biden were president you wouldnâ€™t have the vaccine for another four years nor would the  have ever approved it so quickly the bureaucracy would have destroyed millions of lives,f,332731,56327,11/10/2020,0:41,0,0,0,0,0,0,0,Post
the  and the democrats didnâ€™t want to have me get a vaccine win prior to the election so instead it came out five days later â€“ as iâ€™ve said all along,f,378553,71310,11/10/2020,0:43,1,0,0,0,1,0,0,Post
who will be running for governor of the great state of ohio will be hotly contested,f,218908,30412,11/16/2020,14:49,1,0,0,0,0,1,0,Post
another vaccine just announced this time by moderna 95 effective for those great â€œhistoriansâ€ please remember that these great discoveries which will end the china plague all took place on my watch,f,318583,51556,11/16/2020,14:19,1,0,0,0,0,1,0,Post
the fake recount going on in georgia means nothing because they are not allowing signatures to be looked at and verified break the unconstitutional consent decree,f,254635,50961,11/16/2020,14:04,0,0,0,0,0,0,0,Post
georgia get out and vote for two great senators  and  so important to do so,f,215340,41746,1/5/2021,15:02,1,0,0,0,0,1,0,Post
see you in dc ,f,127896,25649,1/5/2021,15:27,0,0,0,0,0,0,0,Post
floyd county georgia ,f,182698,52653,11/18/2020,16:23,0,0,0,0,0,0,0,Post
and a great show by  tonight watched it on way from ohio to wisconsin ,f,46814,7490,10/25/2020,0:56,1,0,0,0,0,1,0,Post
the vice president has the power to reject fraudulently chosen electors,f,429984,90069,1/5/2021,16:06,0,0,0,0,0,0,0,Post
this was a rigged election no republican poll watchers allowed voting machine â€œglitchesâ€ all over the place meaning they got caught cheating voting after election ended and so much more ,f,141951,33060,11/18/2020,14:11,0,0,0,0,0,0,0,Post
law enforcement is watching and involved so dishonest ,f,57711,16609,10/25/2020,1:02,0,0,0,0,0,0,0,Post
thank you wisconsin,f,65024,11259,10/25/2020,2:29,0,0,0,0,0,0,0,Post
nolte bret baier deletes tweet that exposed backlash against fox news  via ,f,134308,33954,11/10/2020,5:18,0,0,0,0,0,0,0,Post
reports are coming out of the 12th congressional district of georgia that dominion machines are not working in certain republican strongholds for over an hour ballots are being left in lock boxes hopefully they count them thank you congressman ,f,198868,54896,1/5/2021,18:18,0,0,0,0,0,0,0,Post
this is the most important election in the history of our country with your vote we will continue to bring back your jobs lower drug prices support our police protect the 2a defend our borders and ensure more products are proudly sted with the phrase made in the usa ,f,103361,22438,10/25/2020,2:42,0,0,0,0,0,0,0,Post
we withdrew because we won ,f,191015,36464,11/19/2020,20:27,0,0,0,0,0,0,0,Post
georgia get out today and vote for  and  ,f,166781,33228,1/5/2021,19:25,0,0,0,0,0,0,0,Post
nothing ,f,252613,47939,11/10/2020,5:38,0,0,0,0,0,0,0,Post
as long as i am president i will always stand with the heroes of law enforcement joe biden wonâ€™t ,f,79633,18909,10/25/2020,2:58,0,0,0,0,0,0,0,Post
washington is being inundated with people who donâ€™t want to see an election victory stolen by emboldened radical left democrats our country has had enough they wonâ€™t take it anymore we hear you and love you from the oval office make america great again,f,328137,82574,1/5/2021,22:05,1,0,0,0,1,1,0,Post
nolte top pollster finds 47 say â€˜likelyâ€˜ democrats stole election  via  rigged election,f,115529,25660,11/19/2020,20:26,1,0,0,0,1,0,0,Post
wisconsin vote maga ,f,59103,10944,10/25/2020,3:07,0,0,0,0,0,0,0,Post
â€œpresident trump told us for some time we would be getting a vaccine by the end of the year and people laughed at him and here we are with pfizer getting fda approval by the end of this month he was rightâ€ ,f,302777,56646,11/10/2020,13:01,0,0,0,0,0,0,0,Post
i hope the democrats and even more importantly the weak and ineffective rino section of the republican party are looking at the thousands of people pouring into dc they wonâ€™t stand for a landslide election victory to be stolen   ,f,210988,55852,1/5/2021,22:12,1,0,0,0,1,0,0,Post
lawyers now on    maybe  an open and shut case of voter fraud massive numbers,f,300663,60309,11/19/2020,17:34,0,0,0,0,0,0,0,Post
the covid drugs now available to make people better are amazing but seldom talked about by the media mortality rate is 85 down,f,255959,45468,11/19/2020,16:36,1,0,0,1,0,0,0,Post
voter fraud in detroit is rant and has been for many years,f,300049,50116,11/19/2020,12:46,0,0,0,0,0,0,0,Post
 ,f,102276,16281,10/25/2020,3:11,0,0,0,0,0,0,0,Post
â€œonly because of president trump we are going to have a vaccine by the end of the yearâ€  ronny jackson texas congressmanelect,f,375658,56155,11/10/2020,13:05,0,0,0,0,0,0,0,Post
antifa is a terrorist organization stay out of washington law enforcement is watching you very closely       ,f,273329,71140,1/5/2021,22:25,0,0,0,0,0,0,0,Post
we are making big progress results start to come in next week make america great again,f,638933,106449,11/10/2020,13:43,1,0,0,0,0,1,0,Post
â€œevidence of voter fraud continues to grow including 20000 dead people on the pennsylvania voters roll and many thousands all over the country now there has been an artificial number of votes in favor of joe bidenâ€ ,f,249157,58056,11/19/2020,16:22,0,0,0,0,0,0,0,Post
almost zero ballots rejected in georgia this election in years past close to 4 not possible must have signature check on envelopes now very easy to do dems fighting because they got caught far more votes than needed for flip republicans must get tough ,f,217844,47813,11/19/2020,13:59,0,0,0,0,0,0,0,Post
just saw the vote tabulations there is no way biden got 80000000 votes this was a 100 rigged election,f,496524,98943,11/26/2020,15:44,0,0,0,0,0,0,0,Post
i will be speaking at the save america rally tomorrow on the ellipse at 11am eastern arrive early â€” doors open at 7am eastern big crowds ,f,192930,51087,1/5/2021,22:43,0,0,0,0,0,0,0,Post
we will win,f,1023598,164891,11/10/2020,13:44,0,0,0,0,0,0,0,Post
happy thanksgiving ,f,235449,39403,11/26/2020,15:48,0,0,0,0,0,0,0,Post
watch for massive ballot counting abuse and just like the early vaccine remember i told you so,f,420361,74544,11/10/2020,15:33,0,0,0,0,0,0,0,Post
no thanks ,f,180746,26634,11/26/2020,20:16,0,0,0,0,0,0,0,Post
ballot counting abuse,f,525218,77977,11/10/2020,15:33,0,0,0,0,0,0,0,Post
great book ,f,64352,9261,11/20/2020,12:12,1,0,0,0,0,1,0,Post
big news in pennsylvania ,f,270262,73129,1/6/2021,2:59,0,0,0,0,0,0,0,Post
a rigged election ,f,242642,52267,11/20/2020,12:14,0,0,0,0,0,0,0,Post
a total fraud statehouse republicans proud strong and honest will never let this travesty stand ,f,145048,31529,11/26/2020,20:42,0,0,0,0,0,0,0,Post
looks like they are setting up a big â€œvoter dumpâ€ against the republican candidates waiting to see how many votes they need,f,331427,77805,1/6/2021,3:28,0,0,0,0,0,0,0,Post
highly respected ken starr â€œpennsylvaniaâ€™s threeday extension of the mailin ballot deadline is a constitutional travestyâ€ legal scholars agree,f,318729,61594,11/10/2020,15:51,0,0,0,0,0,0,0,Post
will use these charts in court case the election was a hoax thank you justin ,f,136898,34188,11/20/2020,12:18,0,0,0,0,0,0,0,Post
will go down much further weekend daytime even worse dead they still donâ€™t get it fantastic alternatives the lategreat roger ailes is seriously missed but i still won legal votes by a lot ,f,114106,21303,11/26/2020,20:53,1,0,0,0,0,1,0,Post
republicans donâ€™t let andrew mccabe continue to get away with totally criminal activity what he did should never be allowed to happen to our country again fight for justice,f,349531,69352,11/10/2020,16:04,0,0,0,0,0,0,0,Post
just happened to have found another 4000 ballots from fulton county here we go,f,306738,69530,1/6/2021,5:08,0,0,0,0,0,0,0,Post
 there will be no lockdowns other than those done by certain democrat governors,f,30870,9706,11/20/2020,12:21,1,0,0,0,1,0,0,Post
so much truth ,f,125237,23149,11/26/2020,20:56,0,0,0,0,0,0,0,Post
happy 245th birthday to the  happybirthdaymarines  ,f,194740,33576,11/10/2020,16:49,0,0,0,0,0,0,0,Post
nate simington a very smart and qualified individual is having his senate hearing today republicans will hopefully confirm him to the fcc asap we need action now on this very important nominationâ   ,t,59,9,11/10/2020,17:12,0,0,0,0,0,0,0,Post
pennsylvania party leadership votes are this week i hope they pick very tough and smart fighters we will win,f,402963,56782,11/10/2020,17:13,0,0,0,0,0,0,0,Post
rino mitt romney should read this iâ€™m sure however that he feels he got slaughtering by obama â€œfair and squareâ€ ,f,96823,21726,11/20/2020,12:52,0,0,0,0,0,0,0,Post
a brilliant woman of courage ,f,177381,31732,11/26/2020,20:58,0,0,0,0,0,0,0,Post
nate simington a very smart and qualified individual is having his senate hearing today republicans will hopefully confirm him to the fcc asap we need action now on this very important nomination   ,f,190240,35613,11/10/2020,17:13,0,0,0,0,0,0,0,Post
get smart republicans fight ,f,127234,26083,1/6/2021,5:43,0,0,0,0,0,0,0,Post
the great  daytime ratings crash will only get worse ,f,120977,23906,11/20/2020,12:56,1,0,0,0,0,1,0,Post
ballot corruption will be exposed tonight at 900pme on  on ,f,457163,91847,11/10/2020,23:21,0,0,0,0,0,0,0,Post
a must read impossible for biden to have overcome these and even greater odds ,f,191085,52982,11/27/2020,2:53,1,0,0,0,0,1,0,Post
so true ,f,89671,15305,10/25/2020,5:05,0,0,0,0,0,0,0,Post
if vice president  comes through for us we will win the presidency many states want to decertify the mistake they made in certifying incorrect  even fraudulent numbers in a process  not approved by their state legislatures which it must be mike can send it back,f,289835,66961,1/6/2021,6:00,0,0,0,0,0,0,0,Post
thank you elizabeth love ,f,118257,19945,11/20/2020,13:01,0,0,0,0,0,0,0,Post
i gave a long news conference today after wishing the military a happy thanksgiving  realized once again that the fake news media coordinates so that the real message of such a conference never gets out primary point made was that the 2020 election was rigged and that i won,f,274247,59077,11/27/2020,3:49,1,0,1,1,0,0,0,Post
sleepy eyes chuck todd is so happy with the fake voter tabulation process that he canâ€™t even get the words out straight sad to watch,f,193930,36209,1/6/2021,13:06,0,0,0,0,0,0,0,Post
twitter is sending out totally false â€œtrendsâ€ that have absolutely nothing to do with what is really trending in the world they make it up and only negative â€œstuffâ€ same thing will happen to twitter as is happening to  daytime also big conservative discrimination,f,267630,56539,11/27/2020,4:06,0,0,0,0,0,0,0,Post
thank you pensacola florida together we are going to make america great again ,f,73023,12074,10/24/2020,1:36,1,0,0,0,0,1,0,Post
states want to correct their votes which they now know were based on irregularities and fraud plus corrupt process never received legislative approval  all mike pence has to do is send them back to the states and we win do it mike this is a time for extreme courage,f,251729,62503,1/6/2021,13:17,0,0,0,0,0,0,0,Post
we have great support on the election hoax ,f,157307,30860,11/20/2020,13:35,1,0,0,0,0,1,0,Post
for purposes of national security section 230 must be immediately terminated,f,402784,79394,11/27/2020,4:11,1,0,0,1,0,0,0,Post
â€œi donâ€™t care what state your in this computer voting system is wide open to fraud and interventionâ€   true and wait until you see whatâ€™s coming,t,19076,5644,11/11/2020,0:50,0,0,0,0,0,0,0,Post
the republican party and more importantly our country needs the presidency more than ever before  the power of the veto stay strong,f,344390,66595,1/6/2021,13:22,0,0,0,0,0,0,0,Post
they just happened to find 50000 ballots late last night the usa is embarrassed by fools our election process is worse than that of third world countries,f,377295,92437,1/6/2021,14:00,0,0,0,0,0,0,0,Post
â€œi donâ€™t care what state youâ€™re in this computer voting system is wide open to fraud and interventionâ€   true and wait until you see whatâ€™s coming,f,400607,79747,11/11/2020,0:55,0,0,0,0,0,0,0,Post
wow twitter bans highly respected pennsylvania state senator doug mastriano after he did a great job of leading a hearing on the 2020 election fraud they and the fake news working together want to silence the truth canâ€™t let that happen this is what communist countries do,f,277136,73437,11/27/2020,13:36,1,0,1,0,0,1,0,Post
big news pennsylvania poll watcher usb drives uploaded to machines gave biden thousands of votes says 47 usb drives are now missing every upload gave biden 50000 votes ,f,253400,73075,11/27/2020,13:36,0,0,0,0,0,0,0,Post
â€œpresident trump nominates record number of federal judgesâ€ ,f,195398,27882,11/27/2020,13:36,0,0,0,0,0,0,0,Post
but how many ballots were fraudulently cast for the dems did people vote after the election had ended did officials actually not allow observers and poll watchers to look for an honest count ,t,42,14,11/11/2020,0:57,0,0,0,0,0,0,0,Post
the states want to redo their votes they found out they voted on a fraud legislatures never approved let them do it be strong,f,303347,69832,1/6/2021,14:15,0,0,0,0,0,0,0,Post
debate poll average 89 trump 11 sleepy joe biden,f,211196,31369,10/24/2020,16:51,0,0,0,0,0,0,0,Post
even mexico uses voter id,f,458141,72314,1/6/2021,14:16,0,0,0,0,0,0,0,Post
andrew mccabe was exposed for who he is today in the us senate he was totally destroyed  an ignorant fool the great people of the fbi must make sure that he and his former boss james comey pay the price for what they have done to the reputation of the fbi,f,293356,61658,11/11/2020,1:55,1,0,0,0,0,1,0,Post
giuliani the case for election fraud being made by americans  via ,f,158823,38601,11/20/2020,13:53,0,0,0,0,0,0,0,Post
report bidenâ€™s thanksgiving day address gets just 1000 views online a record low observers say a candidate with â€œ80000000â€ votes would get many more online viewers numbers donâ€™t lie or add up ,f,252891,53039,11/27/2020,13:36,0,0,0,0,0,0,0,Post
these scoundrels are only toying with the  a great guy vote just didnâ€™t want to announce quite yet theyâ€™ve got as many ballots as are necessary rigged election,f,246426,56883,1/6/2021,15:44,1,0,0,0,0,1,0,Post
thatâ€™s why mike was number one in his class at west point ,f,254503,53239,11/11/2020,1:59,0,0,0,0,0,0,0,Post
thanks dan big win for us in texas ,f,167210,30054,11/11/2020,2:06,0,0,0,0,0,0,0,Post
news conference on reduced drug prices at 230 pm,f,234298,28119,11/20/2020,18:20,0,0,0,0,0,0,0,Post
mike pence didnâ€™t have the courage to do what should have been done to protect our country and our constitution giving states a chance to certify a corrected set of facts not the fraudulent or inaccurate ones which they were asked to previously certify usa demands the truth,f,0,0,1/6/2021,19:24,0,0,0,0,0,0,0,Post
he should pay a big price for his subversion ,f,151688,38106,11/11/2020,2:09,0,0,0,0,0,0,0,Post
â€œstatistical sling to prove widespread voter fraudmultiple accounts of fraud and voting irregularities may overturn electionâ€call for paper ballots    ,f,231091,48072,11/19/2020,5:27,0,0,0,0,0,0,0,Post
our economy is doing great and is ready to set new records  best ever again biden will destroy everything with his massive tax increases donâ€™t let it happen,f,122508,22046,10/24/2020,14:27,1,0,0,0,0,1,0,Post
please support our capitol police and law enforcement they are truly on the side of our country stay peaceful,f,582183,107460,1/6/2021,19:38,0,0,0,0,0,0,0,Post
a brave patriot more  more people are stepping forward to expose this rigged election ,f,224443,62157,11/11/2020,2:15,0,0,0,0,0,0,0,Post
voteearlyday magaðÿ‡ºðÿ‡,f,29720,5477,10/24/2020,16:13,0,0,0,0,0,0,0,Post
the fake news is talking about cases cases cases this includes many low risk people media is doing everything possible to create fear prior to november 3rd the cases are up because testing is way up by far the most and best in the world mortality rate is down 85 plus,f,151202,35665,10/24/2020,14:55,1,0,1,1,0,0,0,Post
why wonâ€™t they do it and why are they so fast to certify a meaningless tally,f,168225,27524,11/20/2020,19:38,0,0,0,0,0,0,0,Post
the governor of georgia and secretary of state refuse to let us look at signatures which would expose hundreds of thousands of illegal ballots and give the republican party and me david perdue and perhaps kelly loeffler a big victory,f,271514,59478,11/20/2020,19:38,0,0,0,0,0,0,0,Post
if i do not sound like a typical washington politician itâ€™s because iâ€™m not a politician if i do not always play by the rules of the washington establishment itâ€™s because i was elected to fight for you harder than anyone ever has before  ,f,148543,33434,10/24/2020,2:11,0,0,0,0,0,0,0,Post
i could not sit by and watch them take advantage of you anymore they are coming after me because i am standing in their way and standing guard for this country we love,f,192226,35876,10/24/2020,2:06,0,0,0,0,0,0,0,Post
for years i watched one betrayal after another as politicians like joe biden sold out american workers at every turnâ€”shattering the lives of millions of american families while their families raked in millions of dollars,f,166147,30666,10/24/2020,2:06,0,0,0,0,0,0,0,Post
joe biden is a corrupt politician and heâ€™s compromised china is desperate for biden to win because if biden wins china wins â€“ and china will own america this corruption is exactly why i decided to run for president in the first place,f,264880,60148,10/24/2020,2:06,0,0,0,0,0,0,0,Post
thank you to all of the great american patriots in the villages florida maga ,f,101700,19069,10/23/2020,22:04,1,0,0,0,0,1,0,Post
i am asking for everyone at the us capitol to remain peaceful no violence remember we are the party of law  order â€“ respect the law and our great men and women in blue thank you,f,730357,156100,1/6/2021,20:13,1,0,0,0,0,1,0,Post
on the 37th anniversary of the horrendous attack on our united states marines sailors and soldiers in beirut we honor the 241 heroes who lost their lives that day we will never forget them semper fi,f,154586,29707,10/23/2020,19:35,0,0,0,0,0,0,0,Post
i was in philadelphia watching fraud happen hereâ€™s how it went down  they shut out our poll watchers and observers those hundreds of thousands of votes should not be allowed corrupt politics,f,126956,32838,11/11/2020,2:20,0,0,0,0,0,0,0,Post
joe bidenâ€™s response to the h1n1 swine flu far less lethal than covid 19 was one of the weakest and worst in the history of fighting epidemics and pandemics it was pathetic those involved have said joe didnâ€™t have a clue,f,136961,26003,10/23/2020,19:16,0,0,0,0,0,0,0,Post
the georgia recount is a joke and is being done under protest even though thousands of fraudulent votes have been found the real number is in matching signatures governor must open up the unconstitutional consent decree and call in the legislature,f,249940,52807,11/18/2020,14:31,0,0,0,0,0,0,0,Post
they didnâ€™t even allow republican observers into the building to watch a terrible insult to our constitution ,f,122164,29433,11/18/2020,14:16,0,0,0,0,0,0,0,Post
these are the things and events that happen when a sacred landslide election victory is so unceremoniously  viciously stripped away from great patriots who have been badly  unfairly treated for so long go home with love  in peace remember this day forever,f,0,0,1/6/2021,23:01,1,0,0,0,0,1,0,Post
â€œthe numbers have not improved it is still 71 out of balanceâ€ stated wayne county michigan  canvassers â€œthere is widespread irregularities in poll numbersâ€ there are â€œmore votes than peopleâ€ the two harassed patriot canvassers refuse to sign the papers,f,195592,44968,11/18/2020,15:38,0,0,0,0,0,0,0,Post
 is a bright star for pennsylvania military vets low taxes and your 2nd amendment will be totally protected his opponent is a weak and ineffective puppet for pelosi and her new radical left friends vote for sean parnell,f,82398,18890,10/25/2020,12:02,0,0,0,0,0,0,0,Post
obama spied on our caign  and got caught ,f,182234,40149,11/11/2020,2:26,0,0,0,0,0,0,0,Post
so important to vote for republicans in the house break away from pelosi and her high taxing new radical left friends protect your 2nd amendment military vets and sooo much more,f,201903,41769,10/25/2020,12:08,0,0,0,0,0,0,0,Post
people will not accept this rigged election ,f,255370,51275,11/11/2020,2:37,0,0,0,0,0,0,0,Post
the 75000000 great american patriots who voted for me america first and make america great again will have a giant voice long into the future they will not be disrespected or treated unfairly in any way shape or form,f,480997,108844,1/8/2021,14:46,1,0,0,0,0,1,0,Post
no the 2020 election was a total scam we won by a lot and will hopefully turn over the fraudulent result but we must get out and help david and kelly two great people otherwise we are playing right into the hands of some very sick people i will be in georgia on saturday ,f,139741,33998,11/27/2020,14:58,1,0,0,0,0,1,0,Post
pennsylvania ballot â€œmistakesâ€ made in my opinion on purpose by the democrat governor puts republicans in particular  at great risk corrupt politics in pennsylvania must be investigated immediately by the way philadelphia is out of control ,f,109262,29643,10/25/2020,12:45,1,0,0,1,1,1,0,Post
to all of those who have asked i will not be going to the inauguration on january 20th,f,510761,83532,1/8/2021,15:44,0,0,0,0,0,0,0,Post
this says it all ,f,216066,49633,11/17/2020,21:39,0,0,0,0,0,0,0,Post
i have reversed the ridiculous decision to cancel wreaths across america at arlington national cemetery it will now go on,f,478875,73719,11/17/2020,20:47,0,0,0,0,0,0,0,Post
the recent statement by chris krebs on the security of the 2020 election was highly inaccurate in that there were massive improprieties and fraud  including dead people voting poll watchers not allowed into polling locations â€œglitchesâ€ in the voting machines which changed,f,229328,51276,11/18/2020,0:07,0,0,0,0,0,0,0,Post
yesterdayâ€™s news conference being broadcast in full now on  enjoy,f,210472,33894,11/27/2020,15:03,0,0,0,0,0,0,0,Post
have a great â€œmagagrasâ€ rally today on our wonderful long island cut taxes stop crime vote for trump our city and state are a mess what do you have to lose thank you,f,170037,28958,10/25/2020,13:57,1,0,0,0,0,1,0,Post
congratulations to  for his dogged pursuit as chairman of homeland of political corruption,f,115627,21133,10/25/2020,15:51,0,0,0,0,0,0,0,Post
important news conference today by lawyers on a very clear and viable path to victory pieces are very nicely falling into place rnc at 1200 pm,f,331293,66649,11/19/2020,12:59,0,0,0,0,0,0,0,Post
all newly rebuilt military ,f,147857,27826,11/27/2020,15:28,0,0,0,0,0,0,0,Post
thank you new hshire,f,60488,10163,10/25/2020,18:31,0,0,0,0,0,0,0,Post
amazing ,f,42462,8460,10/25/2020,18:39,0,0,0,0,0,0,0,Post
big victory moments ago in the state of nevada the all democrat county commissioner race on same ballot as president just thrown out because of large scale voter discrepancy clark county officials do not have confidence in their own election security major impact ,f,282313,73024,11/16/2020,23:43,1,0,0,0,1,0,0,Post
they wouldâ€™nt let republican poll watchers into the counting rooms unconstitutional,f,375037,62979,11/18/2020,14:54,0,0,0,0,0,0,0,Post
wrong at first they voted against because there were far more votes than people sad then they were threatened screamed at and viciously harassed and were forced to change their vote but then refused as american patriots to sign the documents 71 mess donâ€™t harass ,f,139281,37876,11/18/2020,13:55,0,0,0,0,0,0,0,Post
the only thing secure about our 2020 election was that it was virtuallyâ impenetrableâ by foreign powers on that the trump administration takes great credit unfortunately the radical left democrats dominion and others were perhaps more successful,f,229381,43979,11/18/2020,0:25,1,0,0,0,1,1,0,Post
votes from trump to biden late voting and many more therefore effective immediately chris krebs has been terminated asâ director of the cybersecurity and infrastructure security agency,f,176160,34589,11/18/2020,0:07,1,0,0,1,0,0,0,Post
â€œdead people votedâ€ ,f,174778,41151,11/17/2020,22:40,0,0,0,0,0,0,0,Post
so much truth ,f,194626,40965,11/27/2020,15:31,0,0,0,0,0,0,0,Post
well itâ€™s really quite simple you just canâ€™t have more votes than people ,f,192241,44418,11/18/2020,2:24,0,0,0,0,0,0,0,Post
more votes than people and that is the least of it ,f,175131,38306,11/18/2020,2:22,0,0,0,0,0,0,0,Post
flip michigan back to trump detroit not surprisingly has tremendous problems ,f,146600,31373,11/18/2020,2:18,0,0,0,0,0,0,0,Post
carney joe bidenâ€˜s energy plan would eviscerate wisconsin sand miners  via  wisconsin would be badly hurt because biden would definitely end fracking no more sand mine usage,f,53727,14482,10/24/2020,4:46,0,0,0,0,0,0,0,Post
big tech and the fake news media have partnered to suppress freedom of the press is gone a thing of the past thatâ€™s why they refuse to report the real facts and figures of the 2020 election or even whereâ€™s hunter ,f,151716,44092,11/27/2020,15:45,1,0,1,1,0,0,0,Post
the rate of rejected mailin ballots is 30 xâ€™s lower in pennsylvania this year than it was in 2016â this is why they kept our poll watchers and observers out of the â€œsacredâ€ vote counting rooms,f,212493,53444,11/16/2020,21:23,0,0,0,0,0,0,0,Post
georgia wonâ€™t let us look at the all important signature match without that the recount is meaningless open up unconstitutional consent decree now ,f,301594,65522,11/16/2020,16:59,0,0,0,0,0,0,0,Post
wow governor kemp will hopefully see the light before it is too late must finally take charge two great senators who do so much for georgia and truly love the usa are in a must win battle with two incompetents who donâ€™t have a clue ,f,141230,30442,11/18/2020,3:20,1,0,0,0,0,1,0,Post
european countries are sadly getting clobbered by the china virus the fake news does not like reporting this,f,306845,48303,11/16/2020,16:11,1,0,1,0,0,0,0,Post
trump announces groundbreaking rules to lower prescription drug prices  via ,f,139101,26739,11/21/2020,12:18,0,0,0,0,0,0,0,Post
 ,f,62073,10744,10/25/2020,18:45,0,0,0,0,0,0,0,Post
this is true but much different than reported by the media we will show massive and unprecedented fraud ,f,142844,31992,11/21/2020,13:13,1,0,0,1,0,0,0,Post
biden can only enter the white house as president if he can prove that his ridiculous â€œ80000000 votesâ€ were not fraudulently or illegally obtained when you see what happened in detroit atlanta philadelphia  milwaukee massive voter fraud heâ€™s got a big unsolvable problem,f,386189,91739,11/27/2020,15:56,0,0,0,0,0,0,0,Post
massive voter fraud will be shown ,f,156440,34125,11/21/2020,13:15,0,0,0,0,0,0,0,Post
the fake pollsters at  produced a possibly illegal suppression poll just before the election showing me down 17 points in wisconsin when in fact on election day the race was even   we are now preparing to win the state many such â€œdeplorableâ€ instances,f,298631,62691,11/11/2020,13:35,0,0,0,0,0,0,0,Post
my son donald is doing very well thank you,f,475632,39026,11/21/2020,13:21,0,0,0,0,0,0,0,Post
thank you maine maga,f,82520,14143,10/25/2020,21:38,0,0,0,0,0,0,0,Post
biden did poorly in big cities politico except those of detroit more votes than people philadelphia atlanta and milwaukee which he had to win not surprisingly they are all located in the most important swing states and are long known for being politically corrupt,f,258923,57003,11/27/2020,19:35,0,0,0,0,0,0,0,Post
thank you rabbis ,f,67700,13923,10/25/2020,21:43,0,0,0,0,0,0,0,Post
richard hopkins pennsylvania postal worker recants ballottering claim  washington times   stays with the truth his original story,f,144001,33303,11/11/2020,13:48,0,0,0,0,0,0,0,Post
a guy named al schmidt a philadelphia commissioner and socalled republican rino is being used big time by the fake  news media to explain how honest things were with respect to the election in philadelphia he refuses to look at a mountain of corruption  dishonesty we win,f,334984,64425,11/11/2020,14:03,1,0,0,1,0,0,0,Post
congratulations to armenian prime minister nikol pashinyan and azerbaijani president ilham aliyev who just agreed to adhere to a cease fire effectiveâ at midnight many lives will be saved proud of my team   steve biegun   for getting the deal done,f,176984,37222,10/25/2020,21:44,0,0,0,0,0,0,0,Post
i agree ,f,104177,17602,11/21/2020,13:41,0,0,0,0,0,0,0,Post
the restaurant business is being absolutely decimated congress should step up and help time is of the essence,f,338059,53845,11/27/2020,23:55,0,0,0,0,0,0,0,Post
rudy giuliani will be on greg kelly reports 715 pm ,f,177496,24032,11/28/2020,0:13,0,0,0,0,0,0,0,Post
great people vote for trump ,f,72509,13245,10/25/2020,22:15,1,0,0,0,0,1,0,Post
big voter fraud information coming out concerning georgia stay tuned,f,459400,78776,11/21/2020,13:58,0,0,0,0,0,0,0,Post
biden dumped new hshire in the dem primaries left early i had my first big victory there  do it again ,f,70130,13481,10/25/2020,22:21,0,0,0,0,0,0,0,Post
check out  new show tonight at 700pm on  good luck darrell ,f,84853,19510,11/21/2020,17:18,0,0,0,0,0,0,0,Post
the 1126940 votes were created out of thin air i won pennsylvania by a lot perhaps more than anyone will ever know the pennsylvania votes were rigged all other swing states also the world is watching ,f,264054,73949,11/28/2020,5:09,0,0,0,0,0,0,0,Post
in honor of maine ,f,54735,11069,10/25/2020,22:22,0,0,0,0,0,0,0,Post
so much credit to all of the brave men and women in state houses who are defending our great constitution thank you,f,441616,66499,11/28/2020,15:49,1,0,0,0,0,1,0,Post
you are looking at ballots is this what our country has come to ,f,319666,96730,11/11/2020,20:59,0,0,0,0,0,0,0,Post
alan dershowitz trump was â€˜absolutely rightâ€˜ to pardon michael flynn  via ,f,144114,26936,11/28/2020,18:35,0,0,0,0,0,0,0,Post
suburban women are strong for president trump watch this  clip ,f,66133,13223,10/25/2020,23:19,0,0,0,0,0,0,0,Post
we will win ,f,454516,94253,11/11/2020,23:04,0,0,0,0,0,0,0,Post
texas pennsylvania ohio and others please watch his party and joe will stop fracking immediately millions of jobs lost as energy prices soar vote trump ,f,106343,29155,10/25/2020,23:24,1,0,0,1,0,0,0,Post
watch hundreds of activists gather for â€˜stop the stealâ€˜ rally in georgia  via  breitbartnews  big rallies all over the country the proof pouring in is undeniable many more votes than needed this was a landslide,f,150945,35275,11/21/2020,20:34,0,0,0,0,0,0,0,Post
 daytime is virtually unwatchable especially during the weekends watch   or almost anything else you wonâ€™t have to suffer through endless interviews with democrats and even worse,f,239517,47532,11/28/2020,19:48,1,0,0,0,1,0,0,Post
everyone is asking why the recent presidential polls were so inaccurate when it came to me because they are fake just like much of the lamestream media,f,493790,77432,11/11/2020,23:48,1,0,0,1,0,0,0,Post
i am pleased to announce that i have given my full support and endorsement to ronna mcdaniel to continue heading the republican national committee rnc with 72 million votes we received more votes than any sitting president in us history  and we will win,f,358735,64267,11/11/2020,23:50,0,0,0,0,0,0,0,Post
â€œpresident trump has done many great things biggest tax  regulation cuts in history space force rebuilding our military fixing the va the wall but perhaps the most important of all will be what he is doing now exposing the massive corruption in our electoral processâ€,f,257005,53180,11/21/2020,21:20,1,1,0,0,0,1,0,Post
the wisconsin recount is not about finding mistakes in the count it is about finding people who have voted illegally and that case will be brought after the recount is over on monday or tuesday we have found many illegal votes stay tuned,f,275956,60749,11/28/2020,20:00,0,0,0,0,0,0,0,Post
joe biden was a total disaster in handling the h1n1 swine flu would never have produced a vaccine in record time years ahead of schedule and would do a terrible job of vaccine delivery  but doesnâ€™t everybody already know that,f,241826,39443,11/21/2020,22:13,0,0,0,0,0,0,0,Post
specific allegations were made and we have massive proof in the pennsylvania case some people just donâ€™t want to see it they want nothing to do with saving our country sad,f,292532,61150,11/28/2020,20:10,0,0,0,0,0,0,0,Post
the number of ballots that our caign is challenging in the pennsylvania case is far larger than the 81000 vote margin itâ€™s not even close fraud and illegality are a big part of the case documents being completed we will appeal,f,350717,69239,11/28/2020,20:49,0,0,0,0,0,0,0,Post
nobody wants to report that pennsylvania and michigan didnâ€™t allow our poll watchers andor vote observers to watch or observe this is responsible for hundreds of thousands of votes that should not be allowed to count therefore i easily win both states report the news,f,410112,89349,11/12/2020,0:13,0,0,0,0,0,0,0,Post
the fake news is not talking about the fact that â€œcovidâ€ is running wild all over the world not just in the us i was at the virtual g20 meeting early this morning and the biggest subject was covid we will be healing fast especially with our vaccines,f,188784,32750,11/21/2020,22:35,1,0,1,0,0,0,0,Post
sleepy joe biden had a very bad showing last night despite the fact that  didnâ€™t ask him any questions on his being a â€œcorrupt politicianâ€ big tech  lamestream media are working hard to hide this corruption,f,115127,29763,10/16/2020,10:44,1,0,0,1,0,0,0,Post
ammar is a puppet for nancy pelosi and the radical left he spells higher taxes weak military and vet support and the obliteration of your 2nd amendment vote darrell issa ,f,28821,8664,10/16/2020,10:27,0,0,0,0,0,0,0,Post
darrell is great he has my complete and total endorsement he will never let you down warrior ,f,32985,9119,10/16/2020,10:21,1,0,0,0,0,1,0,Post
jason wrote a new book it is fantastic order it now make jason 1 he deserves it ,f,25972,5612,10/16/2020,10:16,0,0,0,0,0,0,0,Post
obamagate,f,302124,60635,5/25/2020,3:06,0,0,0,0,0,0,0,Post
139m is heading to new orleans in  funding for  happy to support bus service and major fleet improvements for the great people of louisiana and help them keep moving safely,f,31001,6575,8/12/2020,18:43,1,0,0,0,0,1,0,Post
fake news always â€œforgetsâ€ to mention that far fewer people are dying when they get covid this is do to both our advanced therapeutics and the gained knowledge of our great doctors nurses and front line workers,f,264764,46447,11/21/2020,22:48,1,0,1,0,0,1,0,Post
â€œa pennsylvania appeals court turns down the trump administrations request for poll watchers to monitor satellite election officesâ€   how terrible is this we are just seeking a fair vote count this can only lead to very bad things bad intentions much disgraceful,f,138021,34336,10/26/2020,4:39,0,0,0,0,0,0,0,Post
now 73000000 legal votes ,f,325469,70508,11/12/2020,2:21,0,0,0,0,0,0,0,Post
the media is just as corrupt as the election itself,f,608392,94396,11/21/2020,23:13,1,0,0,1,0,0,0,Post
will be doing an interview with  at 1000 am on  enjoy,f,190458,24618,11/29/2020,14:00,0,0,0,0,0,0,0,Post
just donâ€™t see any way nancy pelosi and cryinâ€™ chuck schumer will be willing to do what is right for our great american workers or our wonderful usa itself on stimulus their primary focus is bailing out poorly run and high crime democrat cities and states,f,151389,35096,10/21/2020,21:31,1,0,0,0,1,1,0,Post
 will be a terrific congressman for illinois a successful businessman he will create jobs lower taxes defend law  order and protect your second amendment from the radical left jim has my complete and total endorsement il14 ,f,31395,7485,10/21/2020,20:51,0,0,0,0,0,0,0,Post
eric esshaki  will be a tremendous advocate for michigan and the first chaldean in congress he will help us lower your taxes defend your second amendment and deliver great healthcare eric has my complete and total endorsement mi11 ,f,28156,6780,10/21/2020,20:51,1,0,0,0,0,1,0,Post
tonight at 900 pm enjoy ,f,44859,11788,9/15/2020,23:16,0,0,0,0,0,0,0,Post
ps tony should stop wearing the washington nationalsâ€™ mask for two reasons number one it is not up to the high standards that he should be exposing number two it keeps reminding me that tony threw out perhaps the worst first pitch in the history of baseball,f,89219,18472,10/19/2020,18:08,0,0,0,0,0,0,0,Post
drtony fauci says we donâ€™t allow him to do television and yet i saw him last night on  and he seems to get more airtime than anybody since the late great bob hope all i ask of tony is that he make better decisions he said â€œno masks  let china inâ€ also bad arm,f,129485,32557,10/19/2020,18:08,1,0,0,0,0,1,0,Post
great news new government of sudan which is making great progress agreed to pay 335 million to us terror victims and families once deposited i will lift sudan from the state sponsors of terrorism list at long last justice for the american people and big step for sudan,f,255410,65265,10/19/2020,18:01,1,0,0,0,0,1,0,Post
heading for arizona see you soon,f,183601,22261,10/19/2020,17:39,0,0,0,0,0,0,0,Post
there has never been more enthusiasm or spirit by everyone great fun and so good for our country already winning many states but not reported biden put the lid on again  raising money with promises they finally caught him cold and he knows it laptop is devastating,f,52682,13277,10/19/2020,17:27,1,0,0,0,0,1,0,Post
  there has never been a time in either of my two caigns when i felt we had a stronger chance of winning than we do right now early voting reports look far stronger than originally anticipated every rally is boffo   team are doing a fantastic job,f,52486,12842,10/19/2020,17:27,0,0,0,0,0,0,0,Post
the courage to do what has to be done to maintain the integrity of our elections  and the united states of america itself the world is watching,f,220447,39237,11/22/2020,1:18,0,0,0,0,0,0,0,Post
why is joe biden so quickly forming a cabinet when my investigators have found hundreds of thousands of fraudulent votes enough to â€œflipâ€ at least four states which in turn is more than enough to win the election hopefully the courts andor legislatures will have,f,311654,62455,11/22/2020,1:18,0,0,0,0,0,0,0,Post
last week joe biden made perhaps the most shocking admission ever uttered in the history of presidential debates on live television joe biden confirmed his plan to abolish the entire us oil industryâ€”that means no fracking no jobs and no energy for pennsylvania families,f,167745,39975,10/26/2020,19:59,0,0,0,0,0,0,0,Post
â€œsecond georgia county finds thousands more votes majority are forâ trumpâ€ ,f,196305,39939,11/18/2020,1:05,0,0,0,0,0,0,0,Post
happening all over usa no wonder california is never in play for republicans rigged election ,f,75139,26494,10/21/2020,12:21,0,0,0,0,0,0,0,Post
vote trump to save your second amendment virginia ,f,101258,21152,10/21/2020,12:15,0,0,0,0,0,0,0,Post
wsj editorial board joe biden must answer questions about hunter biden and china  via  joe biden is a totally corrupt politician and got caught at least now he wonâ€™t be able to raise your taxes  biggest increase in us history,f,63486,20849,10/21/2020,12:06,0,0,0,0,0,0,0,Post
biden sought â€˜grand bargainâ€™ to reduce deficit through cuts to social security  via  joe biden pushed hard to cut your social security if elected he will do it again i wonâ€™t never,f,47887,17852,10/21/2020,11:50,0,0,0,0,0,0,0,Post
thank you pennsylvania,f,119836,24179,10/21/2020,1:00,0,0,0,0,0,0,0,Post
will be interviewed on  at 800 am enjoy,f,115577,15796,10/20/2020,11:55,0,0,0,0,0,0,0,Post
thank you tucson arizona together we are going to make america great again ,f,187082,43170,10/19/2020,23:51,1,0,0,0,0,1,0,Post
heading for tucson see you in a little while winning arizona,f,161064,22863,10/19/2020,21:23,0,0,0,0,0,0,0,Post
thank you arizona together we are going to make america great again  ,f,102460,24007,10/19/2020,20:55,1,0,0,0,0,1,0,Post
just arriving in prescott what a crowd i love arizona ,f,213927,47281,10/19/2020,19:41,0,0,0,0,0,0,0,Post
wow michigan just refused to certify the election results having courage is a beautiful thing the usa stands proud,f,512020,82464,11/18/2020,2:11,0,0,0,0,0,0,0,Post
this is not at all frivolous it is brought on behalf of one of the most respected members of the united states congress who is disgusted like so many others by an election that is a fraudulent mess fake ballots dead people voting no republican poll watchers allowed  more ,f,119951,28675,11/22/2020,1:33,0,0,0,0,0,0,0,Post
a perfect strike for the american people ,f,154597,30542,10/19/2020,19:18,0,0,0,0,0,0,0,Post
washington wants nothing to do with him and thatâ€™s so bad for new york which has become a ghost town andrew spends too much time listening to his brother fredo forget the books and your apology tour the federal government would love to help new york regain its luster,f,64635,14680,10/19/2020,19:08,0,0,0,0,0,0,0,Post
governor cuomo has shown tremendously poor leadership skills in running ny bad time for him to be writing and promoting a book especially since he has done such a poor job with covid and crime so many unnecessary deaths the city  state have sunk to historic lows,f,121300,30699,10/19/2020,19:08,0,0,0,0,0,0,0,Post
multiple protrump demonstrations planned in cincinnati area  via ,f,61197,13734,10/21/2020,22:41,0,0,0,0,0,0,0,Post
pennsylvania trump voters show passion â€˜heâ€˜s a man that wants to do it all for americaâ€˜  via ,f,53977,12442,10/21/2020,22:33,0,0,0,0,0,0,0,Post
congressman darin lahood  is a fighter for illinois a strong supporter of our maga agenda he is helping us drain the sw deliver for our farmers and defend your second amendment darin has my complete and total endorsement il18 ,f,26204,6035,10/21/2020,20:49,0,0,0,0,0,0,0,Post
congressman ken buck  is a chion for the incredible people of colorado he is strong on law  order low taxes border security our military  vets and he will always defend your second amendment ken has my complete and total endorsement co04,f,44644,10054,10/21/2020,20:48,0,0,0,0,0,0,0,Post
senator  delivers for mississippi she helped us cut your taxes secure our border and defend the second amendment cindys opponent mike espy is a corrupt politician who will raise your taxes and open your borders vote for cindy mssen ,f,49641,12608,10/21/2020,20:48,0,0,0,0,0,0,0,Post
everyone should compare this terrible electoral intrusion with the recent interviews of sleepy joe biden,f,147470,28770,10/20/2020,22:09,0,0,0,0,0,0,0,Post
 polls are totally fake just like they were in 2016 i am leading in all of the states mentioned which you will soon see i thought fox was getting rid of its pollster sadly it never happened,f,144624,26910,10/22/2020,13:47,0,0,0,0,0,0,0,Post
to be around to vote for president trumpâ€ over 300 wins and 2 national chionships thank you to florida state for giving us bobby bowden,f,83878,12878,10/22/2020,12:28,0,0,0,0,0,0,0,Post
the great bobby bowden one of the best coaches ever in college football on his full recovery from covid19 â€œamerica is the greatest country this side of heaven iâ€™ve had a chance to get a lot of wins in my life but i really wanted to win this one because i wanted,f,122857,20284,10/22/2020,12:28,1,0,0,0,0,1,0,Post
virginia ,f,87807,15438,10/22/2020,11:02,0,0,0,0,0,0,0,Post
we have some big things happening in our various litigations on the election hoax everybody knows it was rigged they know biden didnâ€™t get more votes from the black community than obama  certainly didnâ€™t get 80000000 votes look what happened in detroit philadelphia plus,f,277880,61001,11/30/2020,0:34,0,0,0,0,0,0,0,Post
my great honor ,f,73192,14636,10/22/2020,0:37,1,0,0,0,0,1,0,Post
exclusive forgotten by obamabiden auto bailout delphi workers refuse to forget what was taken from them part one  via  biden was a disaster on this all talk and no action remember and vote,f,44214,13315,10/21/2020,22:41,0,0,0,0,0,0,0,Post
well there were hundreds of thousands of votes cast where republican poll watchers were not allowed to â€œwatchâ€ not even allowed in the counting rooms likewise with fake ballots cast and dead people voting ,f,104414,24538,11/22/2020,1:41,0,0,0,0,0,0,0,Post
lesley stahl of 60 minutes not wearing a mask in the white house after her interview with me much more to come ,f,173377,58336,10/20/2020,20:06,0,0,0,0,0,0,0,Post
trump predicts 35 growth in q3  â€˜weâ€˜re coming back strongerâ€˜  via  would be biggest ever,f,36980,7720,10/24/2020,16:20,0,0,0,0,0,0,0,Post
pence voters know biden and harris â€˜are going to pack the courtâ€˜  via  with the radical left canâ€™t let this happen vote,f,31816,6907,10/24/2020,16:18,0,0,0,0,0,0,0,Post
presidential promises kept justice barrett will fairly apply and honor the law for decades  via ,f,45603,9192,10/24/2020,16:16,0,0,0,0,0,0,0,Post
carney joe bidenâ€˜s energy plan would eviscerate wisconsin sand miners  via ,f,25398,6395,10/24/2020,16:12,0,0,0,0,0,0,0,Post
an apprentice chion check out his very interesting new book ,f,32954,5737,10/24/2020,16:39,0,0,0,0,0,0,0,Post
quick stop in north carolina with a wonderful indian tribe and guests then off to two big rallies in ohio and wisconsin see you later,f,111230,16612,10/24/2020,16:31,0,0,0,0,0,0,0,Post
trump biden works for big tech big media â€” they keep scandals quiet  via ,f,35027,8553,10/24/2020,16:14,1,0,0,1,0,0,0,Post
it attempted to alter our election and got caught ,f,248438,57492,11/12/2020,4:17,0,0,0,0,0,0,0,Post
 never asked us for a comment about their ridiculous one sided story on election security which is an international joke our 2020 election from poorly rated dominion to a country flooded with unaccounted for mailin ballots was probably our least secure ever,f,189842,42808,11/30/2020,1:05,0,0,0,0,0,0,0,Post
thank you martinsburg pennsylvania maga  ,f,45005,8105,10/26/2020,22:22,0,0,0,0,0,0,0,Post
get well soon ,f,184889,24297,11/30/2020,1:14,0,0,0,0,0,0,0,Post
sorry liz canâ€™t accept the results of an election with hundreds of thousands of fraudulent votes cast enough to easily flip the election youâ€™re just unhappy that iâ€™m bringing the troops back home where they belong ,f,169148,38019,11/22/2020,1:49,0,0,0,0,0,0,0,Post
joe biden called me george yesterday couldnâ€™t remember my name got some help from the anchor to get him through the interview the fake news cartel is working overtime to cover it up,f,268572,54125,10/26/2020,11:30,1,0,1,0,0,0,0,Post
great news is fake news  watching this ,f,125069,25543,11/30/2020,1:25,1,0,1,0,0,1,0,Post
we have made tremendous progress with the china virus but the fake news refuses to talk about it this close to the election covid covid covid is being used by them in total coordination in order to change our great early election numbersshould be an election law violation,f,104989,20439,10/26/2020,11:36,1,0,1,0,0,1,0,Post
â€œdemocrats suffered crushing downballot loss across americaâ€  this is true all statehouses won and in washington we did great so i led this great charge and iâ€™m the only one that lost no it doesnâ€™t work that way this was a massive fraud a rigged election,f,268984,60703,11/30/2020,2:55,1,0,0,0,1,1,0,Post
three big rallies today heading to pennsylvania i have plenty to say about the dishonesty of the media and sleepy joe a terrible coverup is happening in our country,f,117205,23228,10/26/2020,11:39,1,0,0,1,0,0,0,Post
will appeal,t,37915,6248,11/22/2020,4:04,0,0,0,0,0,0,0,Post
thanks mark itâ€™s all a continuation of the never ending witch hunt judge brann who would not even allow us to present our case or evidence is an appointment of senator pat â€œno tariffsâ€ toomey of pennsylvania no friend of mine  obama  no wonder 900000 fraudulent votes ,t,39385,9458,11/22/2020,4:04,0,0,0,0,0,0,0,Post
make america great again,f,338529,46107,10/26/2020,11:41,1,0,0,0,0,1,0,Post
we are winning big on the voting numbers get out and vote bigger than 2016,f,181398,28300,10/26/2020,11:41,0,0,0,0,0,0,0,Post
they never thought a vaccine could be done so soon but donâ€™t worry they will try to give the credit to biden ,f,99960,17143,11/22/2020,4:15,0,0,0,0,0,0,0,Post
based on decisions being rendered now this list is more important than ever before second amendment right to life religous liberty etc â€“ vote 2020,f,71112,16782,6/18/2020,17:24,0,0,0,0,0,0,0,Post
pennsylvania can lead the way just like it did many years ago very important things happening ,f,164041,40178,11/30/2020,3:00,0,0,0,0,0,0,0,Post
big problems and discrepancies with mail in ballots all over the usa must have final total on november 3rd,f,0,0,10/26/2020,23:43,0,0,0,0,0,0,0,Post
cases up because we test test test a fake news media conspiracy many young people who heal very fast 999 corrupt media conspiracy at all time high on november 4th topic will totally change vote,f,167843,32973,10/26/2020,12:46,1,0,1,1,0,0,0,Post
true ,f,81262,14745,11/22/2020,4:23,0,0,0,0,0,0,0,Post
 ,f,74597,15949,10/27/2020,0:00,0,0,0,0,0,0,0,Post
the fake news media is riding covid covid covid all the way to the election losers,f,317410,49652,10/26/2020,12:58,1,0,1,1,0,0,0,Post
no way we lost this election ,f,303842,61699,11/30/2020,3:05,0,0,0,0,0,0,0,Post
â€œdominionizing the voteâ€part two via   ,f,73209,21095,11/22/2020,4:31,0,0,0,0,0,0,0,Post
â€œdominionizing the voteâ€part one via   ,f,136743,41797,11/22/2020,4:30,0,0,0,0,0,0,0,Post
 ,f,78343,18709,10/26/2020,13:06,0,0,0,0,0,0,0,Post
iâ€™m not fighting for me iâ€™m fighting for the 74000000 million people not including the many trump ballots that were â€œtossedâ€ a record for a sitting president who voted for me,f,496088,84459,11/30/2020,13:41,0,0,0,0,0,0,0,Post
â€œdominionizing the voteâ€part three via   ,f,70478,20578,11/22/2020,4:32,0,0,0,0,0,0,0,Post
thank you maga ,f,131171,25113,10/26/2020,14:36,0,0,0,0,0,0,0,Post
also quickly check the number of envelopes versus the number of ballots you may just find that there are many more ballots than there are envelopes so simple and so easy to do georgia republicans are angry all republicans are angry get it done,f,122980,27436,11/30/2020,13:59,0,0,0,0,0,0,0,Post
why wonâ€™t governor  the hapless governor of georgia use his emergency powers which can be easily done to overrule his obstinate secretary of state and do a match of signatures on envelopes it will be a â€œgoldmineâ€ of fraud and we will easily win the state,f,194596,46674,11/30/2020,13:59,0,0,0,0,0,0,0,Post
will appeal,f,136478,19184,11/22/2020,4:55,0,0,0,0,0,0,0,Post
thanks mark itâ€™s all a continuation of the never ending witch hunt judge brann who would not even allow us to present our case or evidence is a product of senator pat â€œno tariffsâ€ toomey of pennsylvania no friend of mine  obama  no wonder 900000 fraudulent votes ,f,144982,30473,11/22/2020,4:54,0,0,0,0,0,0,0,Post
thank you allentown pennsylvania together we are going to make america great again   ,f,47779,9223,10/26/2020,16:53,1,0,0,0,0,1,0,Post
it took long enough what is taking north carolina so long are they looking for more ballots to fix that one also now with a recount we will win georgia also pennsylvania  michigan wouldnâ€™t let our poll watchers  observers into counting rooms illegal ,f,170948,37345,11/12/2020,13:13,0,0,0,0,0,0,0,Post
the great state of michigan with votes being far greater than the number of people who voted cannot certify the election the democrats cheated big time and got caught a republican win,f,314550,64121,11/18/2020,16:04,1,0,0,0,1,1,0,Post
in detroit there are far more votes than people nothing can be done to cure that giant scam i win michigan,f,360087,69145,11/18/2020,15:41,0,0,0,0,0,0,0,Post
played this video at todayâ€™s rally in allentown pennsylvaniaâ€”a must watch ,f,101185,38247,10/26/2020,17:00,0,0,0,0,0,0,0,Post
thank you  so niceâ ,f,149134,29532,11/18/2020,19:54,0,0,0,0,0,0,0,Post
look at this in wisconsin a day after the election biden receives a dump of 143379 votes at 342am when they learned he was losing badly this is unbelievable ,f,369662,118380,11/19/2020,1:22,0,0,0,0,0,0,0,Post
dominionizing the vote ,f,187491,48992,11/19/2020,5:41,0,0,0,0,0,0,0,Post
moderna now applying for emergency vaccine approval  must act quickly  â€œoperation warp speed has been a great modern day miracleâ€,f,164659,25780,11/30/2020,14:46,1,0,0,0,0,1,0,Post
and with these numbers by far the highest for a sitting president there was no way the dems could have won except through what we are learning now  a rigged election ,f,145524,34172,11/19/2020,12:30,0,0,0,0,0,0,0,Post
big jim is the greatest ,f,199639,33830,11/12/2020,13:15,1,0,0,0,0,1,0,Post
no matter what you give to the radical left do nothing democrats it will never be enough,f,98994,18616,1/23/2020,12:54,1,0,0,0,1,0,0,Post
trump legal team in arizona and on  now big â€œstuffâ€ enjoy,f,224550,35740,11/30/2020,17:12,0,0,0,0,0,0,0,Post
thousands of uncounted votes discovered in georgia counties when the much more important signature match takes place the state will flip republican and very quickly get it done ,f,249371,50603,11/19/2020,13:46,0,0,0,0,0,0,0,Post
great job on  today giancarlo ,f,83697,17261,11/19/2020,12:31,1,0,0,0,0,1,0,Post
it was my great honor to help a tremendous achievement ,f,120929,22737,11/19/2020,12:19,1,0,0,0,0,1,0,Post
thank you lititz pennsylvania make america great again ,f,50649,9495,10/26/2020,19:32,1,0,0,0,0,1,0,Post
from 200000 votes to less than 10000 votes if we can audit the total votes cast we will easily win arizona also ,f,205599,45070,11/12/2020,13:20,0,0,0,0,0,0,0,Post
  wow total election corruption in arizona hearing on now why isnâ€™t  covering the arizona hearings,f,250145,54745,11/30/2020,17:34,0,0,0,0,0,0,0,Post
and neither am i ,f,191090,31358,11/22/2020,12:11,0,0,0,0,0,0,0,Post
â€œok iâ€™ve seen enough whatâ€™s going to happen to these guys mccabe comey  the gang of treasonous thugs    they and many others got caught do something,f,318712,70131,11/12/2020,13:50,0,0,0,0,0,0,0,Post
now 73000000 votes ,f,236451,48391,11/12/2020,14:26,0,0,0,0,0,0,0,Post
thank you scott and stay tuned you are terrific ,f,231301,37831,11/12/2020,15:12,0,0,0,0,0,0,0,Post
why is he rushing to put a democrat in office especially when so many horrible things concerning voter fraud are being revealed at the hearing going on right now  what is going on with  republicans will long remember ,f,93921,25675,11/30/2020,23:39,1,0,0,0,1,0,0,Post
rigged election thanks ryan ,f,170016,35748,11/12/2020,15:16,0,0,0,0,0,0,0,Post
true ,f,136961,27590,11/30/2020,23:40,0,0,0,0,0,0,0,Post
itâ€™s all about the signatures on the envelopes why are the democrats fighting so hard to hide them we will find massive numbers of fraudulent ballots the signatures wonâ€™t match fight hard republicans donâ€™t let them destroy the evidence ,f,155833,38419,11/22/2020,12:24,1,0,0,0,1,0,0,Post
thank you ,f,128431,26105,11/22/2020,12:25,0,0,0,0,0,0,0,Post
so beautiful ,f,201272,30176,11/12/2020,15:17,0,0,0,0,0,0,0,Post
so true ,f,140120,30897,11/22/2020,12:27,0,0,0,0,0,0,0,Post
and there are many such articles rigged election ,f,91750,22108,11/30/2020,23:46,0,0,0,0,0,0,0,Post
he didnâ€™t stick around for the primaries either he left way early ,f,66741,13236,10/25/2020,19:18,0,0,0,0,0,0,0,Post
arizona hearings on live right now on  such total corruption so sad for our country,f,225635,39427,11/30/2020,23:49,0,0,0,0,0,0,0,Post
new york california illinois people are fleeing taxes and crime are going through the roof vote trump i will turn it around and fast,f,157086,28481,10/26/2020,11:46,0,0,0,0,0,0,0,Post
100 correct ,f,237039,54048,11/12/2020,15:25,0,0,0,0,0,0,0,Post
just arrived at virtual g20 was here yesterday also early but some of the fake news media failed to report it accurately  as usual my speech is available they said i didnâ€™t make a speech,f,328214,66354,11/22/2020,13:13,1,0,1,1,0,0,0,Post
other than politics how do you lose a case where large numbers of voters far more than you need to flip pennsylvania are disenfranchised vote observers thrown out of counting rooms people going to vote finding out they have already voted through a fake ballot  go home,f,271250,55418,11/22/2020,16:56,0,0,0,0,0,0,0,Post
donald trump calls in to arizona voter fraud hearing weâ€˜re fighting back  via  a very inspiring hearing such great support from both witnesses to election fraud and political leaders,f,118000,23951,12/1/2020,3:13,1,0,0,0,0,1,0,Post
strongly trending google since immediately after the second debate is can i change my vote this refers changing it to me the answer in most states is yes go do it most important election of your life,f,211936,52472,10/27/2020,10:53,1,0,0,1,0,0,0,Post
report maryland gov larry hogan antitrump hero paid for flawed coronavirus tests from south korea  via  this rino will never make the grade hogan is just as bad as the flawed tests he paid big money for,f,137740,38156,11/22/2020,16:59,0,0,0,0,0,0,0,Post
 note to    ,f,113744,29654,11/22/2020,19:54,0,0,0,0,0,0,0,Post
thank you a lot of senators and house members are very happy that i came along think iâ€™ll stick around for awhile ,f,197844,35832,12/1/2020,3:32,0,0,0,0,0,0,0,Post
bidenâ€™s handlerâ€™s want to expand the court this would be very bad for the usa on top of that they donâ€™t want to provide a list of who would be chosen for the court must have a list of these radical left judges,f,82748,15892,10/27/2020,11:07,0,0,0,0,0,0,0,Post
not statistically possible rigged election ,f,112396,24229,12/1/2020,3:33,0,0,0,0,0,0,0,Post
only in america ,f,115693,23491,12/1/2020,3:37,0,0,0,0,0,0,0,Post
in certain swing states there were more votes than people who voted and in big numbers does that not really matter stopping poll watchers voting for unsuspecting people fake ballots and so much more such egregious conduct we will win,f,380670,72946,11/23/2020,4:37,0,0,0,0,0,0,0,Post
i agree ,f,68634,7836,10/27/2020,11:08,0,0,0,0,0,0,0,Post
data trumpâ€˜s antiglobalism propolice message wins over hispanics  via  great but we also won the election,f,173989,35731,11/23/2020,4:57,1,0,0,0,0,1,0,Post
fight and i believe we will prevail nevertheless in the best interest of our country i am recommending that emily and her team do what needs to be done with regard to initial protocols and have told my team to do the same,f,239911,35172,11/23/2020,23:16,0,0,0,0,0,0,0,Post
i want to thank emily murphy at gsa for her steadfast dedication and loyalty to our country she has been harassed threatened and abused â€“ and i do not want to see this happen to her her family or employees of gsa our case strongly continues we will keep up the good,f,307408,53705,11/23/2020,23:16,0,0,0,0,0,0,0,Post
drudge is down 61 since he went liberal andor crazy  heading to oblivion ,f,44580,8126,10/27/2020,11:16,0,0,0,0,0,0,0,Post
what does gsa being allowed to preliminarily work with the dems have to do with continuing to pursue our various cases on what will go down as the most corrupt election in american political history we are moving full speed ahead will never concede to fake ballots  â€œdominionâ€,f,344794,75668,11/24/2020,4:07,0,0,0,0,0,0,0,Post
 daytime ratings have completely collapsed weekend daytime even worse very sad to watch this happen but they forgot what made them successful what got them there they forgot the golden goose the biggest difference between the 2016 election and 2020 was ,f,347858,66874,11/12/2020,16:10,0,0,0,0,0,0,0,Post
poll 79 percent of trump voters believe â€˜election was stolenâ€˜  via  they are 100 correct but we are fighting hard our big lawsuit which spells out in great detail all of the ballot fraud and more will soon be filled rigged election,f,184222,44923,11/24/2020,12:33,1,0,0,0,0,1,0,Post
â€œreport dominion deleted 27 million trump votes nationwide data analysis finds 221000 pennsylvania votes switched from president trump to biden 941000 trump votes deleted states using dominion voting systems switched 435000 votes from trump to bidenâ€  ,f,619698,185745,11/12/2020,16:34,0,0,0,0,0,0,0,Post
philadelpiha must have pollwatchers,f,149319,23643,10/27/2020,11:27,0,0,0,0,0,0,0,Post
a judge in nevada has ordered clark county officials to allow an inspection of the elections equipment and sealed containers used in the 2020 election by 100 pm tomorrow   ,f,244040,53160,12/1/2020,5:03,0,0,0,0,0,0,0,Post
all the fake news media wants to talk about is covid covid covid on november 4th you wonâ€™t be hearing so much about it anymore we are rounding the turn,f,156992,26437,10/27/2020,11:31,1,0,1,1,0,0,0,Post
must see  takedown of the horrible inaccurate and anything but secure dominion voting system which is used in states where tens of thousands of votes were stolen from us and given to biden likewise the great  has a confirming and powerful piece,f,319244,65693,11/13/2020,3:46,1,0,0,0,0,1,0,Post
no ,f,167971,31162,11/24/2020,12:50,0,0,0,0,0,0,0,Post
disgraceful ,f,103975,34519,12/1/2020,13:48,0,0,0,0,0,0,0,Post
these states in question should immediately be put in the trump win column biden did not win he lost by a lot  ,f,190167,49317,11/13/2020,4:17,1,0,0,1,0,0,0,Post
thank you randy working hard to clean up the stench of the 2020 election hoax ,f,154989,32834,11/24/2020,12:52,0,0,0,0,0,0,0,Post
fitton 2020 election update  via ,f,92910,23487,11/13/2020,15:54,0,0,0,0,0,0,0,Post
are you listening republicans ,f,205448,46530,11/24/2020,12:53,0,0,0,0,0,0,0,Post
fake election results in nevada also ,f,96670,26456,12/1/2020,13:53,0,0,0,0,0,0,0,Post
alito â€˜religious liberty is in danger of becoming a secondclass rightâ€˜  via ,f,117117,31292,11/13/2020,15:55,0,0,0,0,0,0,0,Post
impossible result ,f,114512,30911,12/1/2020,13:56,0,0,0,0,0,0,0,Post
for years the dems have been preaching how unsafe and rigged our elections have been now they are saying what a wonderful job the trump administration did in making 2020 the most secure election ever actually this is true except for what the democrats did rigged election,f,352073,68366,11/13/2020,15:59,1,0,0,0,1,0,0,Post
â€œin wisconsin somebody has to be indefinitely confined in order to vote absentee in the past there were 20000 people this past election there were 120000and republicans were locked out of the vote counting processâ€  ,f,195898,50083,11/24/2020,13:17,0,0,0,0,0,0,0,Post
we won michigan by a lot ,f,174254,38780,12/1/2020,13:59,0,0,0,0,0,0,0,Post
heartwarming to see all of the tremendous support out there especially the organic rallies that are springing up all over the country including a big one on saturday in dc i may even try to stop by and say hello this election was rigged from dominion all the way up  down,f,406299,81084,11/13/2020,18:35,0,0,0,0,0,0,0,Post
that says it all about mattis obama fired him i should have fired him sooner did best work after he was gone worldâ€™s most overrated general ,f,141010,29953,11/24/2020,13:29,0,0,0,0,0,0,0,Post
do something  you allowed your state to be scammed we must check signatures and count signed envelopes against ballots then call off election it wonâ€™t be needed we will all win ,f,105408,28771,12/1/2020,14:03,0,0,0,0,0,0,0,Post
now it is learned that the horrendous dominion voting system was used in arizona and big in nevada no wonder the result was a very close loss,f,316460,65097,11/13/2020,20:38,0,0,0,0,0,0,0,Post
â€œthe president was right when he said get the kids back in schoolâ€”now dr fauci says you know what im looking at the dataâ€”the kids should be in school  ,f,93044,22577,12/1/2020,14:19,0,0,0,0,0,0,0,Post
will be having a press conference from the rose garden in 15 minutes,f,280934,31080,11/13/2020,21:07,0,0,0,0,0,0,0,Post
remember the gsa has been terrific and emily murphy has done a great job but the gsa does not determine who the next president of the united states will be,f,314789,57498,11/24/2020,14:45,1,0,0,0,0,1,0,Post
 ,f,29652,7550,10/27/2020,11:45,0,0,0,0,0,0,0,Post
on behalf of the entire trump family i want to wish every american a healthy and happy thanksgiving today we gathered in the rose garden to continue a beloved annual tradition the official presidential pardon of a very fortunate thanksgiving turkey ,f,238586,38238,11/24/2020,20:07,0,0,0,0,0,0,0,Post
america first,f,549178,74942,11/24/2020,21:46,0,0,0,0,0,0,0,Post
the real polls are now saying that i am winning biggest and most exciting rallies ever rasmussen 53 national ,f,68800,13944,10/27/2020,11:51,0,0,0,0,0,0,0,Post
â€œvictor joecks clark county election officials accepted my signature â€” on 8 ballot envelopesâ€ ,f,116886,35545,11/13/2020,23:19,0,0,0,0,0,0,0,Post
coldcasejoe ,f,33394,9282,5/12/2020,10:18,0,0,0,0,0,0,0,Post
this could also be very helpful to  and  why is he afraid of stacey abrams we donâ€™t need the ballots â€” we only need the signed envelopes,f,121567,24246,11/25/2020,0:26,0,0,0,0,0,0,0,Post
7 days,f,235906,27128,10/27/2020,11:53,0,0,0,0,0,0,0,Post
hope everybody is watching  right now other media afraid to show people are coming forward like never before large truck carrying hundreds of thousands of fraudulent fake ballots to a voting center terrible  save america,f,207415,51028,12/1/2020,19:31,1,0,0,1,0,0,0,Post
why isnâ€™t the  brad raffenspergerâ a socalled republican allowing us to look at signatures on envelopes for verification we will find tens of thousands of fraudulent and illegal votes,f,179682,43561,11/25/2020,0:26,0,0,0,0,0,0,0,Post
make america great again,f,279159,36962,10/27/2020,11:54,1,0,0,0,0,1,0,Post
big victory for patients â€“ federal court upholds hospital price transparency patients deserve to know the price of care before they enter the hospital because of my action they will this may very well be bigger than healthcare itself congratulations america,f,225963,51328,6/24/2020,1:21,0,0,0,0,0,0,0,Post
great job  thanks,f,169482,20228,11/25/2020,0:55,1,0,0,0,0,1,0,Post
michigan voter fraud hearing going on now,f,282968,37772,12/1/2020,19:34,0,0,0,0,0,0,0,Post
700000 ballots were not allowed to be viewed in philadelphia and pittsburgh which means based on our great constitution we win the state of pennsylvania,f,416181,82395,11/14/2020,0:28,1,0,0,0,0,1,0,Post
live now press conference by amistad project â€œelection whistleblowers come forwardâ€,f,111035,26807,12/1/2020,19:40,0,0,0,0,0,0,0,Post
should president trump concede to biden poll results no 190593  989 yes 2181  11 total votes 192774   for the good of our country we must prevail,f,344113,62587,11/25/2020,1:08,0,0,0,0,0,0,0,Post
thank you harry ,f,90958,23110,9/19/2020,14:10,0,0,0,0,0,0,0,Post
rushing him out of basement after seeing some very disturbing numbers donâ€™t worry heâ€™ll go back to basement soon ,f,84001,21576,8/30/2020,22:16,0,0,0,0,0,0,0,Post
sleepy eyes fails again ,f,32495,8106,5/12/2020,10:31,0,0,0,0,0,0,0,Post
happy easter,f,508161,56948,4/12/2020,14:21,0,0,0,0,0,0,0,Post
 ,f,124586,19672,11/25/2020,3:34,0,0,0,0,0,0,0,Post
let new yorkâ€™s finest finally do their job ,f,35798,6296,10/27/2020,12:36,0,0,0,0,0,0,0,Post
rose is a disaster for new york not listened to or respected in washington a puppet for pelosi ,f,30302,6376,10/27/2020,12:40,0,0,0,0,0,0,0,Post
jesse morganâ€”a truck driver subcontractor with usps in pennsylvania,f,148739,46972,12/1/2020,20:49,0,0,0,0,0,0,0,Post
much more â€œdisinformationâ€ coming out of cnn msdnc  and  by far than coming out of any foreign country even combined fake news is the enemy of the people,f,141306,36805,5/30/2020,18:33,1,0,1,0,0,0,0,Post
watch the ballots,f,160464,33517,9/27/2020,14:00,0,0,0,0,0,0,0,Post
claudia tenney is great loves new york  usa she has my full  complete endorsement vote ,f,33511,6641,10/27/2020,12:43,1,0,0,0,0,1,0,Post
new record for nasdaq,f,139767,23504,8/17/2020,20:50,0,0,0,0,0,0,0,Post
so great for the world ,f,50580,11135,9/20/2020,12:49,1,0,0,0,0,1,0,Post
georgia secretary of state a socalled republican rino wonâ€™t let the people checking the ballots see the signatures for fraud why without this the whole process is very unfair and close to meaningless everyone knows that we won the state where is ,f,245831,62861,11/14/2020,0:50,0,0,0,0,0,0,0,Post
great story thank you to mr young of jonesboro arkansas ,f,47132,10999,3/21/2020,13:21,1,0,0,0,0,1,0,Post
thank you to the most incredible people on earth i stand with you 100 get that great officer back to work ,f,54163,11170,10/27/2020,12:51,1,0,0,0,0,1,0,Post
â€œthe worst thing you can do is bet against donald trump considering what has been done against him they flooded the zone with mailin ballots we need every vote counted and ferociouslyâ€  ,f,250108,50353,11/14/2020,2:23,0,0,0,0,0,0,0,Post
wow this is exactly what happened to us great courage by judge ,f,164771,39429,11/14/2020,2:29,1,0,0,0,0,1,0,Post
to beautiful staten island and brooklyn nicole has my complete and total endorsement vote ,f,38365,7659,10/27/2020,12:59,0,0,0,0,0,0,0,Post
new york vote for trump what the hell do you have to lose ,f,77836,14777,10/27/2020,13:03,0,0,0,0,0,0,0,Post
great book ,f,53452,12347,9/28/2020,4:29,1,0,0,0,0,1,0,Post
a giant scam and the dems know it ,f,48763,13859,9/20/2020,13:14,0,0,0,0,0,0,0,Post
crazy bernie sanders is not a fighter he gives up too easy the dem establishment gets alfred e newman mayor pete   to quit  endorse sleepy joe before super tuesday  gets pocahontas to stay in the race taking thousands of votes from bernie he would have,f,68414,15825,5/20/2020,15:10,0,0,0,0,0,0,0,Post
when are the thugs looters and anarchists moving out of the socalled â€œautonomous zoneâ€ in seattle get going,f,131803,27593,6/25/2020,17:04,0,0,0,0,0,0,0,Post
vote ,f,53264,13652,9/20/2020,13:41,0,0,0,0,0,0,0,Post
 â€” good luck on your new show tonight on  at 700 pm eastern i know it will be a big hit ,f,73977,14134,12/1/2020,23:55,0,0,0,0,0,0,0,Post
vote ,f,51624,12326,9/20/2020,13:41,0,0,0,0,0,0,0,Post
three big rallies today lansing michigan west salem wisconsin omaha nebraska we are winning all over the place see you later,f,130901,21303,10/27/2020,13:13,0,0,0,0,0,0,0,Post
